<!-- This file is an example of the Ivy module descriptor that this build will produce -->
<?xml version="1.0" encoding="UTF-8"?>
<ivy-module version="2.0">
  <info organisation="org.gradle.sample" module="project2-api" revision="2" status="integration" publication="«PUBLICATION-TIME-STAMP»"/>
  <configurations>
    <conf name="default" visibility="public" extends="runtime"/>
    <conf name="runtime" visibility="public"/>
  </configurations>
  <publications>
    <artifact name="project2-api" type="jar" ext="jar" conf="runtime"/>
  </publications>
  <dependencies/>
</ivy-module>
