<!-- This file is an example of the Ivy module descriptor that this build will produce -->
<?xml version="1.0" encoding="UTF-8"?>
<ivy-module version="2.0">
  <info organisation="org.gradle.sample" module="project1-sample" branch="testing" revision="1.1" status="milestone" publication="«PUBLICATION-TIME-STAMP»">
    <ns:myElement xmlns:ns="http://my.namespace">Some value</ns:myElement>
  </info>
  <configurations>
    <conf name="default" visibility="public" extends="runtime"/>
    <conf name="runtime" visibility="public"/>
  </configurations>
  <publications>
    <artifact name="project1-sample" type="jar" ext="jar" conf="runtime"/>
  </publications>
  <dependencies>
    <dependency org="junit" name="junit" rev="4.12" conf="runtime-&gt;default"/>
  </dependencies>
</ivy-module>
