<!-- This file is an example of the Ivy module descriptor that this build will produce -->
<?xml version="1.0" encoding="UTF-8"?>
<project xsi:schemaLocation="http://maven.apache.org/POM/4.0.0 http://maven.apache.org/xsd/maven-4.0.0.xsd" xmlns="http://maven.apache.org/POM/4.0.0"
    xmlns:xsi="http://www.w3.org/2001/XMLSchema-instance">
  <modelVersion>4.0.0</modelVersion>
  <groupId>org.gradle.sample.impl</groupId>
  <artifactId>project2-impl</artifactId>
  <version>2.3</version>
  <dependencies>
    <dependency>
      <groupId>commons-collections</groupId>
      <artifactId>commons-collections</artifactId>
      <version>3.1</version>
      <scope>runtime</scope>
    </dependency>
    <dependency>
      <groupId>org.gradle.sample</groupId>
      <artifactId>project1-sample</artifactId>
      <version>1.1</version>
      <scope>runtime</scope>
    </dependency>
  </dependencies>
</project>
