<!--
  ~ Copyright 2010 the original author or authors.
  ~
  ~ Licensed under the Apache License, Version 2.0 (the "License");
  ~ you may not use this file except in compliance with the License.
  ~ You may obtain a copy of the License at
  ~
  ~      http://www.apache.org/licenses/LICENSE-2.0
  ~
  ~ Unless required by applicable law or agreed to in writing, software
  ~ distributed under the License is distributed on an "AS IS" BASIS,
  ~ WITHOUT WARRANTIES OR CONDITIONS OF ANY KIND, either express or implied.
  ~ See the License for the specific language governing permissions and
  ~ limitations under the License.
  -->
<!DOCTYPE module PUBLIC
        "-//Puppy Crawl//DTD Check Configuration 1.2//EN"
        "http://www.puppycrawl.com/dtds/configuration_1_2.dtd">
<module name="Checker">
    <module name="TreeWalker">
        <!-- Naming -->
        <module name="ClassTypeParameterName"/>
        <module name="ConstantName"/>
        <module name="LocalFinalVariableName"/>
        <module name="LocalVariableName"/>
        <module name="MemberName"/>
        <module name="MethodName"/>
        <module name="MethodTypeParameterName"/>
        <module name="PackageName">
            <property name="format" value="^[a-z]+(\.[a-z][a-z0-9]*)*$"/>
        </module>
        <module name="ParameterName"/>
        <module name="StaticVariableName"/>
        <module name="TypeName"/>
    </module>
</module>
